{"cameraMode":{"drawMode":0,"name":"Shaded","section":"Shading Mode"},"sceneLighting":true,"audioPlay":false,"sceneViewState":{"showFog":true,"showMaterialUpdate":true,"showSkybox":true,"showFlares":true,"showImageEffects":true,"showParticleSystems":true},"in2DMode":false,"pivot":{"x":331.1966552734375,"y":23.948650360107423,"z":-271.6671142578125},"rotation":{"x":-0.033442422747612,"y":-0.5723118782043457,"z":0.02336902543902397,"w":-0.819023072719574},"size":215.47116088867188,"orthographic":false}