{"cameraMode":{"drawMode":0,"name":"Shaded","section":"Shading Mode"},"sceneLighting":false,"audioPlay":false,"sceneViewState":{"showFog":true,"showMaterialUpdate":false,"showSkybox":false,"showFlares":true,"showImageEffects":true,"showParticleSystems":true},"in2DMode":false,"pivot":{"x":-0.04999999701976776,"y":0.05000000074505806,"z":0.04999999701976776},"rotation":{"x":0.09278982877731323,"y":0.040313977748155597,"z":-0.0037600360810756685,"w":0.9948622584342957},"size":0.10392308235168457,"orthographic":false}