{"cameraMode":{"drawMode":0,"name":"Shaded","section":"Shading Mode"},"sceneLighting":false,"audioPlay":false,"sceneViewState":{"showFog":true,"showMaterialUpdate":false,"showSkybox":false,"showFlares":true,"showImageEffects":true,"showParticleSystems":true},"in2DMode":false,"pivot":{"x":0.28212836384773257,"y":0.17544025182724,"z":-0.08638428151607514},"rotation":{"x":-0.019943740218877794,"y":0.9795257449150086,"z":0.1570705622434616,"w":0.12437257170677185},"size":1.144948959350586,"orthographic":false}